{"购买方名称":[0.17363636363636364,0.21940928270042195,0.06727272727272726,0.029535864978902954],"销售方名称":[0.17545454545454545,0.7454289732770746,0.17545454545454545,0.029535864978902926],"销售方开户行及账号":[0.17363636363636364,0.8551336146272855,0.32636363636363636,0.019690576652601988]}