{"购买方名称":[0.1808743169398907,0.21573604060913706,0.08852459016393444,0.03214890016920474],"购买方开户行及账号":[0.17868852459016393,0.3291032148900169,0.2109289617486339,0.030456852791878153],"校验码":[0.7754098360655738,0.16666666666666666,0.17923497267759558,0.02876480541455162],"机器编号":[0.1087431693989071,0.1751269035532995,0.10601092896174863,0.02707275803722503],"销售方名称":[0.17545454545454545,0.7450704225352113,0.18000000000000002,0.030985915492957705]}